[{"domain":".zalo.me","expirationDate":1770694489.684011,"hostOnly":false,"httpOnly":false,"name":"_ga_1J0YGQPT22","path":"/","sameSite":"unspecified","secure":false,"session":false,"storeId":"0","value":"GS1.1.1736134473.1.1.1736134489.44.0.0"},{"domain":".zalo.me","expirationDate":1781857531,"hostOnly":false,"httpOnly":false,"name":"ZConsent","path":"/","sameSite":"unspecified","secure":false,"session":false,"storeId":"0","value":"timestamp=1750753531846&location=https://zalo.me/pc"},{"domain":".zalo.me","expirationDate":1785313532.877925,"hostOnly":false,"httpOnly":false,"name":"_ga_RYD7END4JE","path":"/","sameSite":"unspecified","secure":false,"session":false,"storeId":"0","value":"GS2.2.s1750753529$o1$g1$t1750753532$j57$l0$h0"},{"domain":".chat.zalo.me","expirationDate":1785462139,"hostOnly":false,"httpOnly":false,"name":"ZConsent","path":"/","sameSite":"unspecified","secure":false,"session":false,"storeId":"0","value":"timestamp=1750753531846&location=https://zalo.me/pc"},{"domain":".zalo.me","expirationDate":1788918141.003859,"hostOnly":false,"httpOnly":false,"name":"__zi","path":"/","sameSite":"no_restriction","secure":true,"session":false,"storeId":"0","value":"3000.SSZzejyD6zOgdh2mtnLQWYQN_RAG01ICFjIXe9fEM8uyd--YdKrPXtMRwwxHIbQBVPZgeZat.1"},{"domain":".zalo.me","expirationDate":1788918141.004282,"hostOnly":false,"httpOnly":false,"name":"__zi-legacy","path":"/","sameSite":"unspecified","secure":false,"session":false,"storeId":"0","value":"3000.SSZzejyD6zOgdh2mtnLQWYQN_RAG01ICFjIXe9fEM8uyd--YdKrPXtMRwwxHIbQBVPZgeZat.1"},{"domain":".zalo.me","expirationDate":1785313916.289197,"hostOnly":false,"httpOnly":false,"name":"ozi","path":"/","sameSite":"unspecified","secure":false,"session":false,"storeId":"0","value":"2000.SSZzejyD6zOgdh2mtnLQWYQN_RAG01ICFjMXe9fFM8yvdkcgbKXSXZYPfQkRIn21DvMjg9f74OC.1"},{"domain":".zalo.me","expirationDate":1758586140,"hostOnly":false,"httpOnly":false,"name":"_gcl_au","path":"/","sameSite":"unspecified","secure":false,"session":false,"storeId":"0","value":"1.1.1346585653.1750810140"},{"domain":".zalo.me","expirationDate":1758586198,"hostOnly":false,"httpOnly":false,"name":"_fbp","path":"/","sameSite":"lax","secure":false,"session":false,"storeId":"0","value":"fb.1.1750810148372.504829801388556238"},{"domain":".zalo.me","expirationDate":1785378760.153019,"hostOnly":false,"httpOnly":false,"name":"_ga_NVN38N77J3","path":"/","sameSite":"unspecified","secure":false,"session":false,"storeId":"0","value":"GS2.2.s1750815388$o1$g1$t1750818760$j58$l0$h0"},{"domain":".zalo.me","expirationDate":1785481525.966056,"hostOnly":false,"httpOnly":false,"name":"_ga_E63JS7SPBL","path":"/","sameSite":"unspecified","secure":false,"session":false,"storeId":"0","value":"GS2.1.s1750921525$o3$g0$t1750921525$j60$l0$h0"},{"domain":".zalo.me","expirationDate":1788577481.393324,"hostOnly":false,"httpOnly":false,"name":"_ga","path":"/","sameSite":"unspecified","secure":false,"session":false,"storeId":"0","value":"GA1.2.1937952902.1736134474"},{"domain":".zalo.me","expirationDate":1785553538.641346,"hostOnly":false,"httpOnly":true,"name":"zpsid","path":"/","sameSite":"no_restriction","secure":true,"session":false,"storeId":"0","value":"JIzQ.226205539.10.KlieIMryC3OEuqixONmmDXWFGWHVIW86M4a33qSsraEcJ8gBR7qVkWLyC3O"},{"domain":".chat.zalo.me","expirationDate":1754962372.603692,"hostOnly":false,"httpOnly":true,"name":"zpw_sek","path":"/","sameSite":"lax","secure":true,"session":false,"storeId":"0","value":"Gdmc.226205539.a0.GZGwFeFStehWGwM7ejpUYlZ-k-6Xvloyuhlru-cbbUtwjudQwPE9tENigSl2uUEe_lQKRFONxZ0-tTgb3xJUYW"},{"domain":".zalo.me","expirationDate":1754530941.577183,"hostOnly":false,"httpOnly":true,"name":"app.event.zalo.me","path":"/","sameSite":"unspecified","secure":false,"session":false,"storeId":"0","value":"6903828000121994566"},{"domain":".zalo.me","expirationDate":1754444520.903176,"hostOnly":false,"httpOnly":false,"name":"_zlang","path":"/","sameSite":"unspecified","secure":true,"session":false,"storeId":"0","value":"vn"}]